{
    "providers": [
        {
            "type": "bitmap",
            "file": "minecraft:custom/empty.png",
            "ascent": 18,
            "height": 24,
            "chars": ["\uE000"]
        },
        {
            "type": "bitmap",
            "file": "minecraft:custom/strength.png",
            "ascent": 18,
            "height": 24,
            "chars": ["\uE002"]
        },
        {
            "type": "bitmap",
            "file": "minecraft:custom/heart.png",
            "ascent": 18,
            "height": 24,
            "chars": ["\uE003"]
        },
        {
            "type": "bitmap",
            "file": "minecraft:custom/haste.png",
            "ascent": 18,
            "height": 24,
            "chars": ["\uE004"]
        },
        {
            "type": "bitmap",
            "file": "minecraft:custom/invis.png",
            "ascent": 18,
            "height": 24,
            "chars": ["\uE005"]
        },
        {
            "type": "bitmap",
            "file": "minecraft:custom/feather.png",
            "ascent": 18,
            "height": 24,
            "chars": ["\uE006"]
        },
        {
            "type": "bitmap",
            "file": "minecraft:custom/frost.png",
            "ascent": 18,
            "height": 24,
            "chars": ["\uE007"]
        },
        {
            "type": "bitmap",
            "file": "minecraft:custom/thunder.png",
            "ascent": 18,
            "height": 24,
            "chars": ["\uE008"]
        },
        {
            "type": "bitmap",
            "file": "minecraft:custom/regen.png",
            "ascent": 18,
            "height": 24,
            "chars": ["\uE009"]
        },
        {
            "type": "bitmap",
            "file": "minecraft:custom/ocean.png",
            "ascent": 18,
            "height": 24,
            "chars": ["\uE010"]
        },
        {
            "type": "bitmap",
            "file": "minecraft:custom/fire.png",
            "ascent": 18,
            "height": 24,
            "chars": ["\uE011"]
        },
        {
            "type": "bitmap",
            "file": "minecraft:custom/emerald.png",
            "ascent": 18,
            "height": 24,
            "chars": ["\uE012"]
        },
        {
            "type": "bitmap",
            "file": "minecraft:custom/ender.png",
            "ascent": 18,
            "height": 24,
            "chars": ["\uE051"]
        },
        {
            "type": "bitmap",
            "file": "minecraft:custom/speed.png",
            "ascent": 18,
            "height": 24,
            "chars": ["\uE013"]
        },
        {
            "type": "bitmap",
            "file": "minecraft:custom/thief.png",
            "ascent": 16,
            "height": 21,
            "chars": ["\uE059"]
        },
        {
            "type": "bitmap",
            "file": "minecraft:custom/apophis.png",
            "ascent": 16,
            "height": 20,
            "chars": ["\uE055"]
        },
        {
            "type": "bitmap",
            "file": "minecraft:custom/strengthspark.png",
            "ascent": 18,
            "height": 24,
            "chars": ["\uE014"]
        },
        {
            "type": "bitmap",
            "file": "minecraft:custom/heartspark.png",
            "ascent": 18,
            "height": 24,
            "chars": ["\uE015"]
        },
        {
            "type": "bitmap",
            "file": "minecraft:custom/hastespark.png",
            "ascent": 18,
            "height": 24,
            "chars": ["\uE016"]
        },
        {
            "type": "bitmap",
            "file": "minecraft:custom/invisspark.png",
            "ascent": 18,
            "height": 24,
            "chars": ["\uE017"]
        },
        {
            "type": "bitmap",
            "file": "minecraft:custom/featherspark.png",
            "ascent": 18,
            "height": 24,
            "chars": ["\uE018"]
        },
        {
            "type": "bitmap",
            "file": "minecraft:custom/frostspark.png",
            "ascent": 18,
            "height": 24,
            "chars": ["\uE019"]
        },
        {
            "type": "bitmap",
            "file": "minecraft:custom/thunderspark.png",
            "ascent": 18,
            "height": 24,
            "chars": ["\uE020"]
        },
        {
            "type": "bitmap",
            "file": "minecraft:custom/regenspark.png",
            "ascent": 18,
            "height": 24,
            "chars": ["\uE021"]
        },
        {
            "type": "bitmap",
            "file": "minecraft:custom/oceanspark.png",
            "ascent": 18,
            "height": 24,
            "chars": ["\uE022"]
        },
        {
            "type": "bitmap",
            "file": "minecraft:custom/firespark.png",
            "ascent": 18,
            "height": 24,
            "chars": ["\uE023"]
        },
        {
            "type": "bitmap",
            "file": "minecraft:custom/emeraldspark.png",
            "ascent": 18,
            "height": 24,
            "chars": ["\uE024"]
        },
        {
            "type": "bitmap",
            "file": "minecraft:custom/enderspark.png",
            "ascent": 18,
            "height": 24,
            "chars": ["\uE050"]
        },
        {
            "type": "bitmap",
            "file": "minecraft:custom/speedspark.png",
            "ascent": 18,
            "height": 24,
            "chars": ["\uE025"]
        },
        {
            "type": "bitmap",
            "file": "minecraft:custom/thiefspark.png",
            "ascent": 16,
            "height": 21,
            "chars": ["\uE060"]
        },
        {
            "type": "bitmap",
            "file": "minecraft:custom/apophisspark.png",
            "ascent": 16,
            "height": 20,
            "chars": ["\uE054"]
        },






















        {
            "type": "bitmap",
            "file": "minecraft:custom/strength.png",
            "ascent": 18,
            "height": 24,
            "chars": ["\ue026"]
        },
        {
            "type": "bitmap",
            "file": "minecraft:custom/heart.png",
            "ascent": 18,
            "height": 24,
            "chars": ["\uE027"]
        },
        {
            "type": "bitmap",
            "file": "minecraft:custom/haste.png",
            "ascent": 18,
            "height": 24,
            "chars": ["\uE028"]
        },
        {
            "type": "bitmap",
            "file": "minecraft:custom/invis.png",
            "ascent": 18,
            "height": 24,
            "chars": ["\uE029"]
        },
        {
            "type": "bitmap",
            "file": "minecraft:custom/feather.png",
            "ascent": 18,
            "height": 24,
            "chars": ["\uE030"]
        },
        {
            "type": "bitmap",
            "file": "minecraft:custom/frost.png",
            "ascent": 18,
            "height": 24,
            "chars": ["\uE031"]
        },
        {
            "type": "bitmap",
            "file": "minecraft:custom/thunder.png",
            "ascent": 18,
            "height": 24,
            "chars": ["\uE032"]
        },
        {
            "type": "bitmap",
            "file": "minecraft:custom/regen.png",
            "ascent": 18,
            "height": 24,
            "chars": ["\uE033"]
        },
        {
            "type": "bitmap",
            "file": "minecraft:custom/ocean.png",
            "ascent": 18,
            "height": 24,
            "chars": ["\uE034"]
        },
        {
            "type": "bitmap",
            "file": "minecraft:custom/fire.png",
            "ascent": 18,
            "height": 24,
            "chars": ["\uE035"]
        },
        {
            "type": "bitmap",
            "file": "minecraft:custom/emerald.png",
            "ascent": 18,
            "height": 24,
            "chars": ["\uE036"]
        },
        {
            "type": "bitmap",
            "file": "minecraft:custom/ender.png",
            "ascent": 18,
            "height": 24,
            "chars": ["\uE053"]
        },
        {
            "type": "bitmap",
            "file": "minecraft:custom/speed.png",
            "ascent": 18,
            "height": 24,
            "chars": ["\uE037"]
        },
        {
            "type": "bitmap",
            "file": "minecraft:custom/thief.png",
            "ascent": 16,
            "height": 21,
            "chars": ["\uE061"]
        },
        {
            "type": "bitmap",
            "file": "minecraft:custom/apophis.png",
            "ascent": 16,
            "height": 20,
            "chars": ["\uE057"]
        },
        {
            "type": "bitmap",
            "file": "minecraft:custom/strengthspark.png",
            "ascent": 18,
            "height": 24,
            "chars": ["\uE038"]
        },
        {
            "type": "bitmap",
            "file": "minecraft:custom/heartspark.png",
            "ascent": 18,
            "height": 24,
            "chars": ["\uE039"]
        },
        {
            "type": "bitmap",
            "file": "minecraft:custom/hastespark.png",
            "ascent": 18,
            "height": 24,
            "chars": ["\uE040"]
        },
        {
            "type": "bitmap",
            "file": "minecraft:custom/invisspark.png",
            "ascent": 18,
            "height": 24,
            "chars": ["\uE041"]
        },
        {
            "type": "bitmap",
            "file": "minecraft:custom/featherspark.png",
            "ascent": 18,
            "height": 24,
            "chars": ["\uE042"]
        },
        {
            "type": "bitmap",
            "file": "minecraft:custom/frostspark.png",
            "ascent": 18,
            "height": 24,
            "chars": ["\uE043"]
        },
        {
            "type": "bitmap",
            "file": "minecraft:custom/thunderspark.png",
            "ascent": 18,
            "height": 24,
            "chars": ["\uE044"]
        },
        {
            "type": "bitmap",
            "file": "minecraft:custom/regenspark.png",
            "ascent": 18,
            "height": 24,
            "chars": ["\uE045"]
        },
        {
            "type": "bitmap",
            "file": "minecraft:custom/oceanspark.png",
            "ascent": 18,
            "height": 24,
            "chars": ["\uE046"]
        },
        {
            "type": "bitmap",
            "file": "minecraft:custom/firespark.png",
            "ascent": 18,
            "height": 24,
            "chars": ["\uE047"]
        },
        {
            "type": "bitmap",
            "file": "minecraft:custom/emeraldspark.png",
            "ascent": 18,
            "height": 24,
            "chars": ["\uE048"]
        },
        {
            "type": "bitmap",
            "file": "minecraft:custom/enderspark.png",
            "ascent": 18,
            "height": 24,
            "chars": ["\uE052"]
        },
        {
            "type": "bitmap",
            "file": "minecraft:custom/speedspark.png",
            "ascent": 18,
            "height": 24,
            "chars": ["\uE049"]
        },
        {
            "type": "bitmap",
            "file": "minecraft:custom/thiefspark.png",
            "ascent": 16,
            "height": 21,
            "chars": ["\uE062"]
        },
        {
            "type": "bitmap",
            "file": "minecraft:custom/apophisspark.png",
            "ascent": 16,
            "height": 20,
            "chars": ["\uE056"]
        }
    ]
}